   0.100,     -0.1081261
   0.200,     -0.0839483
   0.300,     -0.0482794
   0.400,     -0.0102053
   0.500,      0.0245313
   0.600,      0.0543008
   0.700,      0.0773188
   0.800,      0.0891851
   0.900,      0.0864162
   1.000,      0.0717558
   1.100,      0.0537711
   1.200,      0.0397194
   1.300,      0.0291686
   1.400,      0.0156807
   1.500,     -0.0052020
   1.600,     -0.0305741
   1.700,     -0.0528986
   1.800,     -0.0667277
   1.900,     -0.0712738
   2.000,     -0.0669543
   2.100,     -0.0522232
   2.200,     -0.0263615
   2.300,      0.0049004
   2.400,      0.0294701
   2.500,      0.0374091
   2.600,      0.0298880
   2.700,      0.0183615
   2.800,      0.0138259
   2.900,      0.0172055
   3.000,      0.0208919
   3.100,      0.0189601
   3.200,      0.0139934
   3.300,      0.0129181
   3.400,      0.0173986
   3.500,      0.0206388
   3.600,      0.0146064
   3.700,     -0.0007610
   3.800,     -0.0171265
   3.900,     -0.0265357
   4.000,     -0.0292704
   4.100,     -0.0320783
   4.200,     -0.0393572
   4.300,     -0.0475186
   4.400,     -0.0483675
   4.500,     -0.0369503
   4.600,     -0.0153096
   4.700,      0.0103877
   4.800,      0.0342910
   4.900,      0.0518955
   5.000,      0.0589977
   5.100,      0.0531142
   5.200,      0.0374354
   5.300,      0.0216035
   5.400,      0.0153373
   5.500,      0.0194610
   5.600,      0.0238620
   5.700,      0.0160197
   5.800,     -0.0074265
   5.900,     -0.0374059
   6.000,     -0.0603467
   6.100,     -0.0687152
   6.200,     -0.0638093
   6.300,     -0.0499919
   6.400,     -0.0289979
   6.500,     -0.0014423
   6.600,      0.0274237
   6.700,      0.0467856
   6.800,      0.0477555
   6.900,      0.0321634
   7.000,      0.0124938
   7.100,      0.0016315
   7.200,      0.0021783
   7.300,      0.0060032
   7.400,      0.0041676
   7.500,     -0.0032536
   7.600,     -0.0074177
   7.700,     -0.0002888
   7.800,      0.0165348
   7.900,      0.0324363
   8.000,      0.0366957
   8.100,      0.0267775
   8.200,      0.0086459
   8.300,     -0.0099623
   8.400,     -0.0260817
   8.500,     -0.0418520
   8.600,     -0.0591201
   8.700,     -0.0741027
   8.800,     -0.0776474
   8.900,     -0.0616485
   9.000,     -0.0267880
   9.100,      0.0149046
   9.200,      0.0458210
   9.300,      0.0537663
   9.400,      0.0404285
   9.500,      0.0205541
   9.600,      0.0117553
   9.700,      0.0223774
   9.800,      0.0466782
   9.900,      0.0705722
  10.000,      0.0823432
  10.100,      0.0790400
  10.200,      0.0641359
  10.300,      0.0406387
  10.400,      0.0077162
  10.500,     -0.0355716
  10.600,     -0.0838410
  10.700,     -0.1239171
  10.800,     -0.1412631
  10.900,     -0.1294296
  11.000,     -0.0945297
  11.100,     -0.0511204
  11.200,     -0.0131765
  11.300,      0.0127623
  11.400,      0.0281017
  11.500,      0.0377791
  11.600,      0.0454017
  11.700,      0.0512040
  11.800,      0.0530345
  11.900,      0.0487629
  12.000,      0.0385651
  12.100,      0.0260890
  12.200,      0.0176610
  12.300,      0.0191739
  12.400,      0.0318873
  12.500,      0.0500468
  12.600,      0.0628581
  12.700,      0.0603284
  12.800,      0.0391318
  12.900,      0.0042711
  13.000,     -0.0343810
  13.100,     -0.0674989
  13.200,     -0.0894990
  13.300,     -0.0981591
  13.400,     -0.0928923
  13.500,     -0.0745579
  13.600,     -0.0470058
  13.700,     -0.0177485
  13.800,      0.0044903
  13.900,      0.0143589
  14.000,      0.0129542
  14.100,      0.0066474
  14.200,      0.0025629
  14.300,      0.0044082
  14.400,      0.0116427
  14.500,      0.0217246
  14.600,      0.0326860
  14.700,      0.0437305
  14.800,      0.0539911
  14.900,      0.0613654
  15.000,      0.0629294
  15.100,      0.0566430
  15.200,      0.0428111
  15.300,      0.0240534
  15.400,      0.0038300
  15.500,     -0.0153170
  15.600,     -0.0324851
  15.700,     -0.0476034
  15.800,     -0.0598671
  15.900,     -0.0669688
  16.000,     -0.0661660
  16.100,     -0.0565223
  16.200,     -0.0402439
  16.300,     -0.0215629
  16.400,     -0.0040194
  16.500,      0.0111208
  16.600,      0.0236047
  16.700,      0.0316873
  16.800,      0.0319227
  16.900,      0.0225436
  17.000,      0.0071707
  17.100,     -0.0060131
  17.200,     -0.0103259
  17.300,     -0.0064345
  17.400,     -0.0014464
  17.500,     -0.0011170
  17.600,     -0.0028479
  17.700,      0.0024804
  17.800,      0.0205084
  17.900,      0.0451196
  18.000,      0.0612451
  18.100,      0.0573176
  18.200,      0.0357015
  18.300,      0.0107916
  18.400,     -0.0034324
  18.500,     -0.0042644
  18.600,      0.0003196
  18.700,      0.0013165
  18.800,     -0.0038463
  18.900,     -0.0133559
  19.000,     -0.0280085
  19.100,     -0.0526194
  19.200,     -0.0882668
  19.300,     -0.1238764
  19.400,     -0.1386901
  19.500,     -0.1166456
  19.600,     -0.0603647
  19.700,      0.0090122
  19.800,      0.0669863
  19.900,      0.1022594
  20.000,      0.1199946
  20.100,      0.1304489
  20.200,      0.1357358
  20.300,      0.1280890
  20.400,      0.1001977
  20.500,      0.0556998
  20.600,      0.0084749
  20.700,     -0.0283610
  20.800,     -0.0522117
  20.900,     -0.0698339
  21.000,     -0.0873174
  21.100,     -0.1021791
  21.200,     -0.1055712
  21.300,     -0.0916145
  21.400,     -0.0638014
  21.500,     -0.0323104
  21.600,     -0.0059771
  21.700,      0.0124115
  21.800,      0.0237466
  21.900,      0.0279154
  22.000,      0.0237329
  22.100,      0.0138846
  22.200,      0.0079091
  22.300,      0.0171590
  22.400,      0.0445932
  22.500,      0.0793709
  22.600,      0.1029470
  22.700,      0.1022648
  22.800,      0.0782356
  22.900,      0.0421247
  23.000,      0.0044054
  23.100,     -0.0323477
  23.200,     -0.0700899
  23.300,     -0.1065500
  23.400,     -0.1316894
  23.500,     -0.1339092
  23.600,     -0.1098682
  23.700,     -0.0680341
  23.800,     -0.0227550
  23.900,      0.0150483
  24.000,      0.0423059
  24.100,      0.0612406
  24.200,      0.0745249
  24.300,      0.0831834
  24.400,      0.0873899
  24.500,      0.0870237
  24.600,      0.0807397
  24.700,      0.0657695
  24.800,      0.0403786
  24.900,      0.0070370
  25.000,     -0.0276445
  25.100,     -0.0569694
  25.200,     -0.0781089
  25.300,     -0.0916149
  25.400,     -0.0973791
  25.500,     -0.0924473
  25.600,     -0.0740868
  25.700,     -0.0449161
  25.800,     -0.0136314
  25.900,      0.0107179
  26.000,      0.0255614
  26.100,      0.0356392
  26.200,      0.0469043
  26.300,      0.0598750
  26.400,      0.0691411
  26.500,      0.0689731
  26.600,      0.0588669
  26.700,      0.0437841
  26.800,      0.0298831
  26.900,      0.0204824
  27.000,      0.0152029
  27.100,      0.0111663
  27.200,      0.0040862
  27.300,     -0.0106352
  27.400,     -0.0354034
  27.500,     -0.0672684
  27.600,     -0.0973912
  27.700,     -0.1150513
  27.800,     -0.1135148
  27.900,     -0.0927744
  28.000,     -0.0574204
  28.100,     -0.0130986
  28.200,      0.0342084
  28.300,      0.0764833
  28.400,      0.1040172
  28.500,      0.1101081
  28.600,      0.0963137
  28.700,      0.0721632
  28.800,      0.0483955
  28.900,      0.0298731
  29.000,      0.0148717
  29.100,      0.0004764
  29.200,     -0.0126487
  29.300,     -0.0213180
  29.400,     -0.0245085
  29.500,     -0.0253152
  29.600,     -0.0277837
  29.700,     -0.0329450
  29.800,     -0.0391770
  29.900,     -0.0459129
  30.000,     -0.0548453
  30.100,     -0.0659092
  30.200,     -0.0728953
  30.300,     -0.0656426
  30.400,     -0.0386676
  30.500,      0.0022221
  30.600,      0.0429362
  30.700,      0.0713874
  30.800,      0.0848735
  30.900,      0.0878761
  31.000,      0.0844189
  31.100,      0.0745417
  31.200,      0.0582249
  31.300,      0.0401235
  31.400,      0.0272146
  31.500,      0.0207408
  31.600,      0.0122771
  31.700,     -0.0095258
  31.800,     -0.0469903
  31.900,     -0.0886167
  32.000,     -0.1171165
  32.100,     -0.1226798
  32.200,     -0.1086818
  32.300,     -0.0853781
  32.400,     -0.0594473
  32.500,     -0.0301805
  32.600,      0.0054015
  32.700,      0.0457435
  32.800,      0.0837892
  32.900,      0.1116972
  33.000,      0.1252336
  33.100,      0.1238706
  33.200,      0.1085441
  33.300,      0.0810147
  33.400,      0.0452079
  33.500,      0.0073993
  33.600,     -0.0264668
  33.700,     -0.0538865
  33.800,     -0.0758507
  33.900,     -0.0939319
  34.000,     -0.1078998
  34.100,     -0.1161135
  34.200,     -0.1169198
  34.300,     -0.1082131
  34.400,     -0.0858986
  34.500,     -0.0451961
  34.600,      0.0137372
  34.700,      0.0805529
  34.800,      0.1366514
  34.900,      0.1652118
  35.000,      0.1616846
  35.100,      0.1354840
  35.200,      0.1014223
  35.300,      0.0688631
  35.400,      0.0379157
  35.500,      0.0043140
  35.600,     -0.0335409
  35.700,     -0.0723171
  35.800,     -0.1067560
  35.900,     -0.1330399
  36.000,     -0.1487804
  36.100,     -0.1509675
  36.200,     -0.1356846
  36.300,     -0.1007979
  36.400,     -0.0490090
  36.500,      0.0117413
  36.600,      0.0706299
  36.700,      0.1169527
  36.800,      0.1424101
  36.900,      0.1431013
  37.000,      0.1214557
  37.100,      0.0864717
  37.200,      0.0503550
  37.300,      0.0224895
  37.400,      0.0049054
  37.500,     -0.0070265
  37.600,     -0.0193296
  37.700,     -0.0343043
  37.800,     -0.0497815
  37.900,     -0.0624471
  38.000,     -0.0711002
  38.100,     -0.0763571
  38.200,     -0.0774933
  38.300,     -0.0704119
  38.400,     -0.0498643
  38.500,     -0.0148933
  38.600,      0.0271199
  38.700,      0.0621523
  38.800,      0.0771000
  38.900,      0.0683007
  39.000,      0.0444138
  39.100,      0.0206775
  39.200,      0.0082997
  39.300,      0.0071822
  39.400,      0.0079472
  39.500,      0.0014728
  39.600,     -0.0125031
  39.700,     -0.0253217
  39.800,     -0.0275682
  39.900,     -0.0175948
  40.000,     -0.0026735
  40.100,      0.0075112
  40.200,      0.0083113
  40.300,      0.0020771
  40.400,     -0.0054636
  40.500,     -0.0095148
  40.600,     -0.0076021
  40.700,      0.0008558
  40.800,      0.0140062
  40.900,      0.0263856
  41.000,      0.0304008
  41.100,      0.0215590
  41.200,      0.0031613
  41.300,     -0.0152593
  41.400,     -0.0257193
  41.500,     -0.0285086
  41.600,     -0.0305647
  41.700,     -0.0366418
  41.800,     -0.0425368
  41.900,     -0.0380884
  42.000,     -0.0174480
  42.100,      0.0138801
  42.200,      0.0426337
  42.300,      0.0584089
  42.400,      0.0606354
  42.500,      0.0556073
  42.600,      0.0479353
  42.700,      0.0360397
  42.800,      0.0159044
  42.900,     -0.0121163
  43.000,     -0.0414920
  43.100,     -0.0644194
  43.200,     -0.0773605
  43.300,     -0.0808652
  43.400,     -0.0745479
  43.500,     -0.0542388
  43.600,     -0.0161541
  43.700,      0.0353591
  43.800,      0.0851681
  43.900,      0.1145136
  44.000,      0.1131680
  44.100,      0.0862325
  44.200,      0.0494354
  44.300,      0.0169703
  44.400,     -0.0075559
  44.500,     -0.0297103
  44.600,     -0.0547991
  44.700,     -0.0800007
  44.800,     -0.0955771
  44.900,     -0.0936030
  45.000,     -0.0753962
  45.100,     -0.0503451
  45.200,     -0.0274753
  45.300,     -0.0082479
  45.400,      0.0124048
  45.500,      0.0383302
  45.600,      0.0660052
  45.700,      0.0863635
  45.800,      0.0924716
  45.900,      0.0849085
  46.000,      0.0695059
  46.100,      0.0505141
  46.200,      0.0270437
  46.300,     -0.0033165
  46.400,     -0.0379634
  46.500,     -0.0674258
  46.600,     -0.0808437
  46.700,     -0.0738131
  46.800,     -0.0514910
  46.900,     -0.0248438
  47.000,     -0.0040749
  47.100,      0.0056462
  47.200,      0.0047379
  47.300,     -0.0021570
  47.400,     -0.0081184
  47.500,     -0.0069467
  47.600,      0.0029529
  47.700,      0.0165402
  47.800,      0.0249425
  47.900,      0.0220606
  48.000,      0.0095839
  48.100,     -0.0042451
  48.200,     -0.0109817
  48.300,     -0.0075626
  48.400,      0.0032960
  48.500,      0.0166504
  48.600,      0.0284079
  48.700,      0.0358641
  48.800,      0.0375091
  48.900,      0.0338707
  49.000,      0.0277753
  49.100,      0.0215069
  49.200,      0.0125864
  49.300,     -0.0059771
  49.400,     -0.0381590
  49.500,     -0.0762044
  49.600,     -0.1012694
  49.700,     -0.0964663
  49.800,     -0.0618844
  49.900,     -0.0165476
  50.000,      0.0163838
  50.100,      0.0279983
  50.200,      0.0280944
  50.300,      0.0320316
  50.400,      0.0441884
  50.500,      0.0550858
  50.600,      0.0539655
  50.700,      0.0419380
  50.800,      0.0308565
  50.900,      0.0293623
  51.000,      0.0318450
  51.100,      0.0228232
  51.200,     -0.0074388
  51.300,     -0.0519597
  51.400,     -0.0912449
  51.500,     -0.1076655
  51.600,     -0.0962179
  51.700,     -0.0637722
  51.800,     -0.0211432
  51.900,      0.0227189
  52.000,      0.0608522
  52.100,      0.0867768
  52.200,      0.0958199
  52.300,      0.0880173
  52.400,      0.0679989
  52.500,      0.0408442
  52.600,      0.0085110
  52.700,     -0.0285357
  52.800,     -0.0660493
  52.900,     -0.0937021
  53.000,     -0.0999599
  53.100,     -0.0806641
  53.200,     -0.0433229
  53.300,     -0.0027475
  53.400,      0.0282915
  53.500,      0.0454294
  53.600,      0.0515434
  53.700,      0.0506834
  53.800,      0.0436087
  53.900,      0.0288632
  54.000,      0.0074391
  54.100,     -0.0144165
  54.200,     -0.0278098
  54.300,     -0.0274877
  54.400,     -0.0162057
  54.500,     -0.0027684
  54.600,      0.0051144
  54.700,      0.0068926
  54.800,      0.0082959
  54.900,      0.0139828
  55.000,      0.0209054
  55.100,      0.0197077
  55.200,      0.0039106
  55.300,     -0.0216833
  55.400,     -0.0422513
  55.500,     -0.0438824
  55.600,     -0.0246012
  55.700,      0.0044878
  55.800,      0.0284667
  55.900,      0.0391805
  56.000,      0.0379634
  56.100,      0.0302176
  56.200,      0.0193282
  56.300,      0.0060806
  56.400,     -0.0079497
  56.500,     -0.0190636
  56.600,     -0.0245552
  56.700,     -0.0261474
  56.800,     -0.0286903
  56.900,     -0.0349060
  57.000,     -0.0421422
  57.100,     -0.0449386
  57.200,     -0.0402691
  57.300,     -0.0292202
  57.400,     -0.0135510
  57.500,      0.0077502
  57.600,      0.0366106
  57.700,      0.0702467
  57.800,      0.0987939
  57.900,      0.1103200
  58.000,      0.0990931
  58.100,      0.0690797
  58.200,      0.0298076
  58.300,     -0.0101584
  58.400,     -0.0453346
  58.500,     -0.0707222
  58.600,     -0.0803747
  58.700,     -0.0711114
  58.800,     -0.0477664
  58.900,     -0.0227687
  59.000,     -0.0083349
  59.100,     -0.0080697
  59.200,     -0.0161711
  59.300,     -0.0246329
  59.400,     -0.0305055
  59.500,     -0.0357911
  59.600,     -0.0411193
  59.700,     -0.0411631
  59.800,     -0.0274215
  59.900,      0.0042832
  60.000,      0.0490154
  60.100,      0.0947082
  60.200,      0.1282534
  60.300,      0.1404851
  60.400,      0.1279602
  60.500,      0.0930486
  60.600,      0.0435830
  60.700,     -0.0090505
  60.800,     -0.0543160
  60.900,     -0.0870623
  61.000,     -0.1080447
  61.100,     -0.1195530
  61.200,     -0.1205782
  61.300,     -0.1069141
  61.400,     -0.0763687
  61.500,     -0.0335023
  61.600,      0.0113248
  61.700,      0.0476764
  61.800,      0.0698452
  61.900,      0.0769863
  62.000,      0.0706215
  62.100,      0.0538430
  62.200,      0.0327246
  62.300,      0.0159548
  62.400,      0.0100698
  62.500,      0.0138329
  62.600,      0.0183931
  62.700,      0.0148326
  62.800,      0.0024096
  62.900,     -0.0110465
  63.000,     -0.0174040
  63.100,     -0.0166472
  63.200,     -0.0164996
  63.300,     -0.0236662
  63.400,     -0.0361336
  63.500,     -0.0446962
  63.600,     -0.0418381
  63.700,     -0.0284708
  63.800,     -0.0119921
  63.900,      0.0012004
  64.000,      0.0103065
  64.100,      0.0178559
  64.200,      0.0248004
  64.300,      0.0293392
  64.400,      0.0300698
  64.500,      0.0281822
  64.600,      0.0250091
  64.700,      0.0182088
  64.800,      0.0029454
  64.900,     -0.0211575
  65.000,     -0.0446520
  65.100,     -0.0522704
  65.200,     -0.0348411
  65.300,      0.0016270
  65.400,      0.0390054
  65.500,      0.0600664
  65.600,      0.0596390
  65.700,      0.0445536
  65.800,      0.0247042
  65.900,      0.0056303
  66.000,     -0.0108598
  66.100,     -0.0219610
  66.200,     -0.0234753
  66.300,     -0.0156045
  66.400,     -0.0073952
  66.500,     -0.0119857
  66.600,     -0.0349147
  66.700,     -0.0669444
  66.800,     -0.0898974
  66.900,     -0.0910070
  67.000,     -0.0720621
  67.100,     -0.0446062
  67.200,     -0.0167999
  67.300,      0.0139232
  67.400,      0.0547142
  67.500,      0.1045211
  67.600,      0.1487116
  67.700,      0.1676176
  67.800,      0.1513609
  67.900,      0.1072045
  68.000,      0.0532456
  68.100,      0.0050954
  68.200,     -0.0325524
  68.300,     -0.0637807
  68.400,     -0.0931352
  68.500,     -0.1195448
  68.600,     -0.1366672
  68.700,     -0.1374323
  68.800,     -0.1182884
  68.900,     -0.0809236
  69.000,     -0.0319330
  69.100,      0.0187142
  69.200,      0.0603368
  69.300,      0.0849793
  69.400,      0.0900731
  69.500,      0.0786846
  69.600,      0.0574112
  69.700,      0.0336273
  69.800,      0.0135274
  69.900,      0.0009543
  70.000,     -0.0034723
  70.100,     -0.0024127
  70.200,     -0.0000315
  70.300,      0.0010603
  70.400,      0.0015470
  70.500,      0.0037628
  70.600,      0.0080273
  70.700,      0.0109712
  70.800,      0.0081431
  70.900,     -0.0015811
  71.000,     -0.0146602
  71.100,     -0.0263073
  71.200,     -0.0348536
  71.300,     -0.0419024
  71.400,     -0.0479664
  71.500,     -0.0489741
  71.600,     -0.0387029
  71.700,     -0.0156049
  71.800,      0.0131519
  71.900,      0.0355959
  72.000,      0.0439650
  72.100,      0.0404294
  72.200,      0.0341294
  72.300,      0.0325566
  72.400,      0.0354133
  72.500,      0.0359924
  72.600,      0.0277068
  72.700,      0.0094326
  72.800,     -0.0140789
  72.900,     -0.0353571
  73.000,     -0.0475831
  73.100,     -0.0467843
  73.200,     -0.0335040
  73.300,     -0.0138132
  73.400,      0.0022982
  73.500,      0.0062528
  73.600,     -0.0028159
  73.700,     -0.0161963
  73.800,     -0.0210616
  73.900,     -0.0099206
  74.000,      0.0133825
  74.100,      0.0361807
  74.200,      0.0460618
  74.300,      0.0392471
  74.400,      0.0220210
  74.500,      0.0050268
  74.600,     -0.0042130
  74.700,     -0.0047473
  74.800,     -0.0001513
  74.900,      0.0056727
  75.000,      0.0104561
  75.100,      0.0121100
  75.200,      0.0067736
  75.300,     -0.0098979
  75.400,     -0.0379390
  75.500,     -0.0690313
  75.600,     -0.0882847
  75.700,     -0.0824404
  75.800,     -0.0490143
  75.900,      0.0009363
  76.000,      0.0490203
  76.100,      0.0800274
  76.200,      0.0889219
  76.300,      0.0801638
  76.400,      0.0618448
  76.500,      0.0403734
  76.600,      0.0190642
  76.700,     -0.0004668
  76.800,     -0.0169294
  76.900,     -0.0291409
  77.000,     -0.0362033
  77.100,     -0.0376176
  77.200,     -0.0339876
  77.300,     -0.0282731
  77.400,     -0.0256078
  77.500,     -0.0299253
  77.600,     -0.0393064
  77.700,     -0.0451685
  77.800,     -0.0381299
  77.900,     -0.0164206
  78.000,      0.0115069
  78.100,      0.0339513
  78.200,      0.0464174
  78.300,      0.0547827
  78.400,      0.0671762
  78.500,      0.0825634
  78.600,      0.0884113
  78.700,      0.0710605
  78.800,      0.0292459
  78.900,     -0.0225098
  79.000,     -0.0640593
  79.100,     -0.0836768
  79.200,     -0.0834270
  79.300,     -0.0728099
  79.400,     -0.0588414
  79.500,     -0.0422592
  79.600,     -0.0214214
  79.700,      0.0023927
  79.800,      0.0242298
  79.900,      0.0388698
  80.000,      0.0438247
  80.100,      0.0393226
  80.200,      0.0268862
  80.300,      0.0089929
  80.400,     -0.0104153
  80.500,     -0.0265738
  80.600,     -0.0359249
  80.700,     -0.0372320
  80.800,     -0.0301883
  80.900,     -0.0133822
  81.000,      0.0149820
  81.100,      0.0531762
  81.200,      0.0927082
  81.300,      0.1199384
  81.400,      0.1223550
  81.500,      0.0949768
  81.600,      0.0425947
  81.700,     -0.0225409
  81.800,     -0.0850862
  81.900,     -0.1309864
  82.000,     -0.1513806
  82.100,     -0.1452619
  82.200,     -0.1189745
  82.300,     -0.0818302
  82.400,     -0.0407826
  82.500,      0.0011267
  82.600,      0.0413461
  82.700,      0.0739586
  82.800,      0.0910207
  82.900,      0.0888700
  83.000,      0.0726401
  83.100,      0.0530952
  83.200,      0.0380800
  83.300,      0.0272603
  83.400,      0.0155910
  83.500,      0.0012827
  83.600,     -0.0109977
  83.700,     -0.0152929
  83.800,     -0.0115768
  83.900,     -0.0062088
  84.000,     -0.0047811
  84.100,     -0.0056869
  84.200,     -0.0022219
  84.300,      0.0087144
  84.400,      0.0209860
  84.500,      0.0231799
  84.600,      0.0083498
  84.700,     -0.0201119
  84.800,     -0.0514856
  84.900,     -0.0754589
  85.000,     -0.0869775
  85.100,     -0.0854795
  85.200,     -0.0720921
  85.300,     -0.0489047
  85.400,     -0.0200382
  85.500,      0.0086044
  85.600,      0.0319484
  85.700,      0.0482824
  85.800,      0.0592466
  85.900,      0.0678433
  86.000,      0.0767046
  86.100,      0.0871812
  86.200,      0.0980447
  86.300,      0.1040065
  86.400,      0.0968299
  86.500,      0.0706255
  86.600,      0.0277239
  86.700,     -0.0212962
  86.800,     -0.0650382
  86.900,     -0.0993272
  87.000,     -0.1270484
  87.100,     -0.1494758
  87.200,     -0.1590952
  87.300,     -0.1435932
  87.400,     -0.0985662
  87.500,     -0.0356931
  87.600,      0.0234571
  87.700,      0.0629079
  87.800,      0.0819485
  87.900,      0.0901885
  88.000,      0.0948298
  88.100,      0.0943656
  88.200,      0.0841485
  88.300,      0.0652028
  88.400,      0.0448286
  88.500,      0.0285982
  88.600,      0.0142798
  88.700,     -0.0043129
  88.800,     -0.0281573
  88.900,     -0.0500584
  89.000,     -0.0619126
  89.100,     -0.0634874
  89.200,     -0.0617714
  89.300,     -0.0612826
  89.400,     -0.0570283
  89.500,     -0.0392479
  89.600,     -0.0053594
  89.700,      0.0342091
  89.800,      0.0630955
  89.900,      0.0716613
  90.000,      0.0624632
  90.100,      0.0445876
  90.200,      0.0249046
  90.300,      0.0056743
  90.400,     -0.0115144
  90.500,     -0.0231685
  90.600,     -0.0270387
  90.700,     -0.0262575
  90.800,     -0.0273261
  90.900,     -0.0326015
  91.000,     -0.0360377
  91.100,     -0.0284995
  91.200,     -0.0080869
  91.300,      0.0156143
  91.400,      0.0285312
  91.500,      0.0236988
  91.600,      0.0063699
  91.700,     -0.0110710
  91.800,     -0.0180243
  91.900,     -0.0103914
  92.000,      0.0101035
  92.100,      0.0375547
  92.200,      0.0621810
  92.300,      0.0722985
  92.400,      0.0606217
  92.500,      0.0309308
  92.600,     -0.0027199
  92.700,     -0.0261982
  92.800,     -0.0364029
  92.900,     -0.0421396
  93.000,     -0.0533312
  93.100,     -0.0693990
  93.200,     -0.0787962
  93.300,     -0.0699976
  93.400,     -0.0424274
  93.500,     -0.0066277
  93.600,      0.0250683
  93.700,      0.0467367
  93.800,      0.0584747
  93.900,      0.0607995
  94.000,      0.0525265
  94.100,      0.0348812
  94.200,      0.0154378
  94.300,      0.0047398
  94.400,      0.0072759
  94.500,      0.0162507
  94.600,      0.0186804
  94.700,      0.0066147
  94.800,     -0.0162547
  94.900,     -0.0384472
  95.000,     -0.0501651
  95.100,     -0.0488516
  95.200,     -0.0370516
  95.300,     -0.0175883
  95.400,      0.0072234
  95.500,      0.0321711
  95.600,      0.0476781
  95.700,      0.0446243
  95.800,      0.0220238
  95.900,     -0.0103168
  96.000,     -0.0376545
  96.100,     -0.0496678
  96.200,     -0.0451118
  96.300,     -0.0290115
  96.400,     -0.0072743
  96.500,      0.0151618
  96.600,      0.0325372
  96.700,      0.0381874
  96.800,      0.0293560
  96.900,      0.0125673
  97.000,      0.0017765
  97.100,      0.0077288
  97.200,      0.0271988
  97.300,      0.0434422
  97.400,      0.0396130
  97.500,      0.0137126
  97.600,     -0.0192673
  97.700,     -0.0407056
  97.800,     -0.0446471
  97.900,     -0.0412152
  98.000,     -0.0440255
  98.100,     -0.0545923
  98.200,     -0.0597189
  98.300,     -0.0445558
  98.400,     -0.0080706
  98.500,      0.0345126
  98.600,      0.0642508
  98.700,      0.0731155
  98.800,      0.0669030
  98.900,      0.0556266
  99.000,      0.0430961
  99.100,      0.0263975
  99.200,      0.0038148
  99.300,     -0.0194635
  99.400,     -0.0348908
  99.500,     -0.0389985
  99.600,     -0.0366102
  99.700,     -0.0349576
  99.800,     -0.0354518
  99.900,     -0.0325620
 100.000,     -0.0211184
 100.100,     -0.0038038
 100.200,      0.0096639
 100.300,      0.0111373
 100.400,      0.0017549
 100.500,     -0.0086657
 100.600,     -0.0094546
 100.700,      0.0033138
 100.800,      0.0252196
 100.900,      0.0472712
 101.000,      0.0607150
 101.100,      0.0601386
 101.200,      0.0451502
 101.300,      0.0210913
 101.400,     -0.0025709
 101.500,     -0.0171963
 101.600,     -0.0207830
 101.700,     -0.0195725
 101.800,     -0.0229644
 101.900,     -0.0354381
 102.000,     -0.0525713
 102.100,     -0.0647516
 102.200,     -0.0649863
 102.300,     -0.0536038
 102.400,     -0.0361559
 102.500,     -0.0175879
 102.600,      0.0011954
 102.700,      0.0215188
 102.800,      0.0426980
 102.900,      0.0603661
 103.000,      0.0693023
 103.100,      0.0679703
 103.200,      0.0602828
 103.300,      0.0527273
 103.400,      0.0491690
 103.500,      0.0476359
 103.600,      0.0417143
 103.700,      0.0254476
 103.800,     -0.0020743
 103.900,     -0.0358184
 104.000,     -0.0678644
 104.100,     -0.0915661
 104.200,     -0.1036135
 104.300,     -0.1033830
 104.400,     -0.0917001
 104.500,     -0.0710155
 104.600,     -0.0461958
 104.700,     -0.0232461
 104.800,     -0.0052381
 104.900,      0.0111159
 105.000,      0.0335630
 105.100,      0.0668063
 105.200,      0.1054541
 105.300,      0.1347171
 105.400,      0.1397629
 105.500,      0.1163131
 105.600,      0.0733567
 105.700,      0.0259794
 105.800,     -0.0147252
 105.900,     -0.0458713
 106.000,     -0.0690810
 106.100,     -0.0846441
 106.200,     -0.0901512
 106.300,     -0.0840865
 106.400,     -0.0692095
 106.500,     -0.0514387
 106.600,     -0.0355529
 106.700,     -0.0224632
 106.800,     -0.0104726
 106.900,      0.0017474
 107.000,      0.0140603
 107.100,      0.0261375
 107.200,      0.0384448
 107.300,      0.0510487
 107.400,      0.0617277
 107.500,      0.0662649
 107.600,      0.0613408
 107.700,      0.0472362
 107.800,      0.0276317
 107.900,      0.0069972
 108.000,     -0.0115853
 108.100,     -0.0265142
 108.200,     -0.0368771
 108.300,     -0.0426686
 108.400,     -0.0457087
 108.500,     -0.0491000
 108.600,     -0.0544308
 108.700,     -0.0590878
 108.800,     -0.0569150
 108.900,     -0.0424507
 109.000,     -0.0152654
 109.100,      0.0193127
 109.200,      0.0532974
 109.300,      0.0798772
 109.400,      0.0951488
 109.500,      0.0977441
 109.600,      0.0881152
 109.700,      0.0683118
 109.800,      0.0415050
 109.900,      0.0107886
 110.000,     -0.0216388
 110.100,     -0.0536502
 110.200,     -0.0815641
 110.300,     -0.1002308
 110.400,     -0.1058437
 110.500,     -0.0989850
 110.600,     -0.0842381
 110.700,     -0.0659777
 110.800,     -0.0443989
 110.900,     -0.0161796
 111.000,      0.0205583
 111.100,      0.0620582
 111.200,      0.0998787
 111.300,      0.1258638
 111.400,      0.1359402
 111.500,      0.1295188
 111.600,      0.1068116
 111.700,      0.0687169
 111.800,      0.0201030
 111.900,     -0.0281330
 112.000,     -0.0629969
 112.100,     -0.0778615
 112.200,     -0.0779787
 112.300,     -0.0768147
 112.400,     -0.0851209
 112.500,     -0.1017523
 112.600,     -0.1141023
 112.700,     -0.1076334
 112.800,     -0.0764005
 112.900,     -0.0265137
 113.000,      0.0287021
 113.100,      0.0764931
 113.200,      0.1093532
 113.300,      0.1250038
 113.400,      0.1243910
 113.500,      0.1105860
 113.600,      0.0885638
 113.700,      0.0639205
 113.800,      0.0400002
 113.900,      0.0157816
 114.000,     -0.0125394
 114.100,     -0.0464584
 114.200,     -0.0807992
 114.300,     -0.1048676
 114.400,     -0.1095094
 114.500,     -0.0946437
 114.600,     -0.0703045
 114.700,     -0.0492686
 114.800,     -0.0369861
 114.900,     -0.0276253
 115.000,     -0.0100877
 115.100,      0.0210890
 115.200,      0.0596161
 115.300,      0.0914916
 115.400,      0.1053021
 115.500,      0.0995518
 115.600,      0.0812989
 115.700,      0.0588477
 115.800,      0.0360673
 115.900,      0.0127516
 116.000,     -0.0114922
 116.100,     -0.0352827
 116.200,     -0.0571753
 116.300,     -0.0774887
 116.400,     -0.0964597
 116.500,     -0.1101407
 116.600,     -0.1096367
 116.700,     -0.0867722
 116.800,     -0.0421023
 116.900,      0.0126650
 117.000,      0.0612845
 117.100,      0.0932719
 117.200,      0.1085908
 117.300,      0.1128753
 117.400,      0.1087815
 117.500,      0.0927422
 117.600,      0.0604302
 117.700,      0.0148591
 117.800,     -0.0319008
 117.900,     -0.0658620
 118.000,     -0.0804250
 118.100,     -0.0789629
 118.200,     -0.0688030
 118.300,     -0.0535134
 118.400,     -0.0317621
 118.500,     -0.0035693
 118.600,      0.0235911
 118.700,      0.0367486
 118.800,      0.0270980
 118.900,     -0.0014367
 119.000,     -0.0333623
 119.100,     -0.0522076
 119.200,     -0.0513881
 119.300,     -0.0361551
 119.400,     -0.0161195
 119.500,      0.0035491
 119.600,      0.0239860
 119.700,      0.0471524
 119.800,      0.0700295
 119.900,      0.0850590
 120.000,      0.0861960
 120.100,      0.0739931
 120.200,      0.0545619
 120.300,      0.0339860
 120.400,      0.0142368
 120.500,     -0.0056996
 120.600,     -0.0258313
 120.700,     -0.0434924
 120.800,     -0.0559273
 120.900,     -0.0637614
 121.000,     -0.0707976
 121.100,     -0.0797212
 121.200,     -0.0880229
 121.300,     -0.0885171
 121.400,     -0.0743248
 121.500,     -0.0440020
 121.600,     -0.0027812
 121.700,      0.0402472
 121.800,      0.0760677
 121.900,      0.0982055
 122.000,      0.1035766
 122.100,      0.0928855
 122.200,      0.0708257
 122.300,      0.0450388
 122.400,      0.0232024
 122.500,      0.0094668
 122.600,      0.0026405
 122.700,     -0.0024118
 122.800,     -0.0109844
 122.900,     -0.0248768
 123.000,     -0.0412562
 123.100,     -0.0547117
 123.200,     -0.0610227
 123.300,     -0.0598876
 123.400,     -0.0544204
 123.500,     -0.0476789
 123.600,     -0.0392424
 123.700,     -0.0253380
 123.800,     -0.0030688
 123.900,      0.0249284
 124.000,      0.0503168
 124.100,      0.0645759
 124.200,      0.0657017
 124.300,      0.0597132
 124.400,      0.0550199
 124.500,      0.0545456
 124.600,      0.0529154
 124.700,      0.0413568
 124.800,      0.0157427
 124.900,     -0.0194754
 125.000,     -0.0544415
 125.100,     -0.0805851
 125.200,     -0.0947788
 125.300,     -0.0983302
 125.400,     -0.0932696
 125.500,     -0.0800920
 125.600,     -0.0585691
 125.700,     -0.0298572
 125.800,      0.0027004
 125.900,      0.0348499
 126.000,      0.0634338
 126.100,      0.0872852
 126.200,      0.1062612
 126.300,      0.1192116
 126.400,      0.1226585
 126.500,      0.1117669
 126.600,      0.0835802
 126.700,      0.0403316
 126.800,     -0.0101304
 126.900,     -0.0577120
 127.000,     -0.0946745
 127.100,     -0.1175922
 127.200,     -0.1256024
 127.300,     -0.1180853
 127.400,     -0.0954784
 127.500,     -0.0625482
 127.600,     -0.0290747
 127.700,     -0.0045749
 127.800,      0.0092253
 127.900,      0.0199727
 128.000,      0.0367822
 128.100,      0.0595536
 128.200,      0.0767868
 128.300,      0.0755725
 128.400,      0.0545668
 128.500,      0.0266146
 128.600,      0.0077830
 128.700,      0.0037503
 128.800,      0.0072966
 128.900,      0.0086289
 129.000,      0.0064641
 129.100,      0.0075229
 129.200,      0.0156488
 129.300,      0.0238470
 129.400,      0.0193888
 129.500,     -0.0027834
 129.600,     -0.0329860
 129.700,     -0.0543364
 129.800,     -0.0575903
 129.900,     -0.0482642
 130.000,     -0.0393642
 130.100,     -0.0379532
 130.200,     -0.0393054
 130.300,     -0.0335593
 130.400,     -0.0169700
 130.500,      0.0036419
 130.600,      0.0167392
 130.700,      0.0159247
 130.800,      0.0052736
 130.900,     -0.0031002
 131.000,      0.0034736
 131.100,      0.0303396
 131.200,      0.0709735
 131.300,      0.1084053
 131.400,      0.1234054
 131.500,      0.1060102
 131.600,      0.0626199
 131.700,      0.0120337
 131.800,     -0.0278407
 131.900,     -0.0519544
 132.000,     -0.0682424
 132.100,     -0.0860792
 132.200,     -0.1045673
 132.300,     -0.1123992
 132.400,     -0.0993793
 132.500,     -0.0678690
 132.600,     -0.0325025
 132.700,     -0.0082803
 132.800,      0.0015583
 132.900,      0.0067527
 133.000,      0.0199771
 133.100,      0.0452858
 133.200,      0.0749434
 133.300,      0.0960130
 133.400,      0.0998817
 133.500,      0.0870120
 133.600,      0.0646729
 133.700,      0.0411240
 133.800,      0.0211267
 133.900,      0.0050738
 134.000,     -0.0092140
 134.100,     -0.0242392
 134.200,     -0.0414512
 134.300,     -0.0605476
 134.400,     -0.0787662
 134.500,     -0.0904614
 134.600,     -0.0884395
 134.700,     -0.0679431
 134.800,     -0.0314240
 134.900,      0.0101565
 135.000,      0.0423289
 135.100,      0.0558747
 135.200,      0.0522895
 135.300,      0.0407459
 135.400,      0.0290707
 135.500,      0.0174404
 135.600,      0.0010716
 135.700,     -0.0211682
 135.800,     -0.0418264
 135.900,     -0.0494383
 136.000,     -0.0380797
 136.100,     -0.0118695
 136.200,      0.0198907
 136.300,      0.0507153
 136.400,      0.0786884
 136.500,      0.1006205
 136.600,      0.1071012
 136.700,      0.0867115
 136.800,      0.0370639
 136.900,     -0.0285793
 137.000,     -0.0870390
 137.100,     -0.1190058
 137.200,     -0.1188970
 137.300,     -0.0937619
 137.400,     -0.0554763
 137.500,     -0.0152047
 137.600,      0.0168614
 137.700,      0.0314494
 137.800,      0.0244627
 137.900,      0.0023920
 138.000,     -0.0188621
 138.100,     -0.0239747
 138.200,     -0.0093013
 138.300,      0.0151460
 138.400,      0.0346913
 138.500,      0.0413747
 138.600,      0.0378128
 138.700,      0.0320354
 138.800,      0.0300979
 138.900,      0.0330924
 139.000,      0.0386782
 139.100,      0.0430570
 139.200,      0.0414844
 139.300,      0.0293326
 139.400,      0.0052938
 139.500,     -0.0257478
 139.600,     -0.0541598
 139.700,     -0.0712875
 139.800,     -0.0744847
 139.900,     -0.0669431
 140.000,     -0.0534239
 140.100,     -0.0369927
 140.200,     -0.0195647
 140.300,     -0.0037843
 140.400,      0.0075786
 140.500,      0.0144094
 140.600,      0.0201015
 140.700,      0.0282873
 140.800,      0.0386401
 140.900,      0.0466737
 141.000,      0.0479302
 141.100,      0.0417017
 141.200,      0.0302415
 141.300,      0.0153010
 141.400,     -0.0028598
 141.500,     -0.0225568
 141.600,     -0.0383219
 141.700,     -0.0435522
 141.800,     -0.0361499
 141.900,     -0.0205021
 142.000,     -0.0030031
 142.100,      0.0135449
 142.200,      0.0294552
 142.300,      0.0421580
 142.400,      0.0433932
 142.500,      0.0257710
 142.600,     -0.0068310
 142.700,     -0.0376115
 142.800,     -0.0488593
 142.900,     -0.0372912
 143.000,     -0.0168745
 143.100,     -0.0052482
 143.200,     -0.0071322
 143.300,     -0.0115995
 143.400,     -0.0054512
 143.500,      0.0120080
 143.600,      0.0282987
 143.700,      0.0309690
 143.800,      0.0198591
 143.900,      0.0058016
 144.000,     -0.0014882
 144.100,     -0.0025696
 144.200,     -0.0054004
 144.300,     -0.0149786
 144.400,     -0.0271188
 144.500,     -0.0320618
 144.600,     -0.0230552
 144.700,     -0.0015133
 144.800,      0.0243554
 144.900,      0.0443696
 145.000,      0.0508738
 145.100,      0.0419121
 145.200,      0.0228172
 145.300,      0.0043195
 145.400,     -0.0039924
 145.500,     -0.0012001
 145.600,      0.0035232
 145.700,     -0.0013767
 145.800,     -0.0190950
 145.900,     -0.0410138
 146.000,     -0.0542459
 146.100,     -0.0527367
 146.200,     -0.0409891
 146.300,     -0.0276626
 146.400,     -0.0169495
 146.500,     -0.0068649
 146.600,      0.0053168
 146.700,      0.0183204
 146.800,      0.0285931
 146.900,      0.0354083
 147.000,      0.0419926
 147.100,      0.0507845
 147.200,      0.0588673
 147.300,      0.0597427
 147.400,      0.0496882
 147.500,      0.0310587
 147.600,      0.0086912
 147.700,     -0.0156268
 147.800,     -0.0431097
 147.900,     -0.0721144
 148.000,     -0.0943509
 148.100,     -0.0994049
 148.200,     -0.0837550
 148.300,     -0.0542201
 148.400,     -0.0215778
 148.500,      0.0084576
 148.600,      0.0365040
 148.700,      0.0621242
 148.800,      0.0779741
 148.900,      0.0745883
 149.000,      0.0519654
 149.100,      0.0243606
 149.200,      0.0104639
 149.300,      0.0170767
 149.400,      0.0326904
 149.500,      0.0380029
 149.600,      0.0230425
 149.700,     -0.0059135
 149.800,     -0.0350984
 149.900,     -0.0567005
 150.000,     -0.0724020
 150.100,     -0.0848891
 150.200,     -0.0890900
 150.300,     -0.0746389
 150.400,     -0.0375433
 150.500,      0.0120388
 150.600,      0.0552007
 150.700,      0.0780240
 150.800,      0.0801421
 150.900,      0.0705857
 151.000,      0.0567868
 151.100,      0.0387593
 151.200,      0.0134567
 151.300,     -0.0171796
 151.400,     -0.0442400
 151.500,     -0.0580849
 151.600,     -0.0557817
 151.700,     -0.0420736
 151.800,     -0.0238909
 151.900,     -0.0051422
 152.000,      0.0129787
 152.100,      0.0281172
 152.200,      0.0354171
 152.300,      0.0313409
 152.400,      0.0185679
 152.500,      0.0058571
 152.600,      0.0018061
 152.700,      0.0079642
 152.800,      0.0177098
 152.900,      0.0217900
 153.000,      0.0153313
 153.100,      0.0004744
 153.200,     -0.0164836
 153.300,     -0.0297619
 153.400,     -0.0365581
 153.500,     -0.0366444
 153.600,     -0.0312393
 153.700,     -0.0227985
 153.800,     -0.0150495
 153.900,     -0.0117346
 154.000,     -0.0141632
 154.100,     -0.0196395
 154.200,     -0.0226043
 154.300,     -0.0179741
 154.400,     -0.0041736
 154.500,      0.0163102
 154.600,      0.0388626
 154.700,      0.0593528
 154.800,      0.0755060
 154.900,      0.0863721
 155.000,      0.0906230
 155.100,      0.0852005
 155.200,      0.0658345
 155.300,      0.0299650
 155.400,     -0.0193106
 155.500,     -0.0713686
 155.600,     -0.1110099
 155.700,     -0.1257731
 155.800,     -0.1132065
 155.900,     -0.0826658
 156.000,     -0.0497688
 156.100,     -0.0271943
 156.200,     -0.0182352
 156.300,     -0.0170225
 156.400,     -0.0140794
 156.500,     -0.0025530
 156.600,      0.0186169
 156.700,      0.0451819
 156.800,      0.0702253
 156.900,      0.0874450
 157.000,      0.0939896
 157.100,      0.0914672
 157.200,      0.0838726
 157.300,      0.0732420
 157.400,      0.0566511
 157.500,      0.0282435
 157.600,     -0.0142199
 157.700,     -0.0638481
 157.800,     -0.1060574
 157.900,     -0.1270734
 158.000,     -0.1228010
 158.100,     -0.1005008
 158.200,     -0.0720466
 158.300,     -0.0450097
 158.400,     -0.0191441
 158.500,      0.0098166
 158.600,      0.0437110
 158.700,      0.0787087
 158.800,      0.1069141
 158.900,      0.1201046
 159.000,      0.1126025
 159.100,      0.0828533
 159.200,      0.0346656
 159.300,     -0.0222385
 159.400,     -0.0741091
 159.500,     -0.1079519
 159.600,     -0.1167057
 159.700,     -0.1013115
 159.800,     -0.0686981
 159.900,     -0.0280548
 160.000,      0.0117488
 160.100,      0.0432502
 160.200,      0.0616366
 160.300,      0.0666416
 160.400,      0.0630147
 160.500,      0.0574169
 160.600,      0.0530408
 160.700,      0.0465818
 160.800,      0.0311020
 160.900,      0.0031422
 161.000,     -0.0319122
 161.100,     -0.0612461
 161.200,     -0.0723241
 161.300,     -0.0612970
 161.400,     -0.0360173
 161.500,     -0.0115476
 161.600,     -0.0010471
 161.700,     -0.0077045
 161.800,     -0.0227843
 161.900,     -0.0313736
 162.000,     -0.0225765
 162.100,      0.0026424
 162.200,      0.0319605
 162.300,      0.0507011
 162.400,      0.0525029
 162.500,      0.0429161
 162.600,      0.0330299
 162.700,      0.0291187
 162.800,      0.0278388
 162.900,      0.0209904
 163.000,      0.0045868
 163.100,     -0.0168134
 163.200,     -0.0342346
 163.300,     -0.0419917
 163.400,     -0.0411670
 163.500,     -0.0363133
 163.600,     -0.0300522
 163.700,     -0.0216107
 163.800,     -0.0100591
 163.900,      0.0024380
 164.000,      0.0115888
 164.100,      0.0150751
 164.200,      0.0149277
 164.300,      0.0153109
 164.400,      0.0180647
 164.500,      0.0208211
 164.600,      0.0196679
 164.700,      0.0135154
 164.800,      0.0056609
 164.900,      0.0009434
 165.000,      0.0011129
 165.100,      0.0026100
 165.200,     -0.0011055
 165.300,     -0.0141025
 165.400,     -0.0332522
 165.500,     -0.0480326
 165.600,     -0.0461379
 165.700,     -0.0221864
 165.800,      0.0163597
 165.900,      0.0514240
 166.000,      0.0648085
 166.100,      0.0502481
 166.200,      0.0178345
 166.300,     -0.0132183
 166.400,     -0.0281398
 166.500,     -0.0257277
 166.600,     -0.0160660
 166.700,     -0.0098381
 166.800,     -0.0092940
 166.900,     -0.0085927
 167.000,     -0.0019736
 167.100,      0.0090072
 167.200,      0.0163868
 167.300,      0.0136654
 167.400,      0.0025811
 167.500,     -0.0080632
 167.600,     -0.0105427
 167.700,     -0.0055481
 167.800,     -0.0016055
 167.900,     -0.0068299
 168.000,     -0.0204295
 168.100,     -0.0317951
 168.200,     -0.0283893
 168.300,     -0.0059948
 168.400,      0.0271010
 168.500,      0.0552013
 168.600,      0.0652244
 168.700,      0.0539273
 168.800,      0.0278359
 168.900,     -0.0023326
 169.000,     -0.0274129
 169.100,     -0.0420466
 169.200,     -0.0440528
 169.300,     -0.0337633
 169.400,     -0.0146490
 169.500,      0.0062741
 169.600,      0.0204168
 169.700,      0.0218393
 169.800,      0.0109375
 169.900,     -0.0054124
 170.000,     -0.0177943
 170.100,     -0.0198859
 170.200,     -0.0122246
 170.300,     -0.0016676
 170.400,      0.0033440
 170.500,     -0.0010636
 170.600,     -0.0108066
 170.700,     -0.0161700
 170.800,     -0.0088986
 170.900,      0.0110107
 171.000,      0.0343914
 171.100,      0.0489297
 171.200,      0.0472028
 171.300,      0.0301575
 171.400,      0.0041381
 171.500,     -0.0241389
 171.600,     -0.0492030
 171.700,     -0.0648795
 171.800,     -0.0638634
 171.900,     -0.0423049
 172.000,     -0.0057279
 172.100,      0.0313749
 172.200,      0.0546435
 172.300,      0.0602171
 172.400,      0.0559235
 172.500,      0.0514718
 172.600,      0.0476364
 172.700,      0.0361268
 172.800,      0.0105291
 172.900,     -0.0237543
 173.000,     -0.0521536
 173.100,     -0.0641332
 173.200,     -0.0628975
 173.300,     -0.0607811
 173.400,     -0.0649019
 173.500,     -0.0684546
 173.600,     -0.0572010
 173.700,     -0.0245365
 173.800,      0.0204442
 173.900,      0.0597734
 174.000,      0.0807361
 174.100,      0.0832135
 174.200,      0.0747495
 174.300,      0.0609636
 174.400,      0.0421636
 174.500,      0.0181502
 174.600,     -0.0064772
 174.700,     -0.0237820
 174.800,     -0.0291248
 174.900,     -0.0251600
 175.000,     -0.0187853
 175.100,     -0.0148443
 175.200,     -0.0134693
 175.300,     -0.0128700
 175.400,     -0.0128951
 175.500,     -0.0146209
 175.600,     -0.0170370
 175.700,     -0.0160191
 175.800,     -0.0080922
 175.900,      0.0046382
 176.000,      0.0141294
 176.100,      0.0119097
 176.200,     -0.0042171
 176.300,     -0.0279823
 176.400,     -0.0482236
 176.500,     -0.0547153
 176.600,     -0.0422595
 176.700,     -0.0119578
 176.800,      0.0292332
 176.900,      0.0700673
 177.000,      0.0982730
 177.100,      0.1053180
 177.200,      0.0903054
 177.300,      0.0600683
 177.400,      0.0250156
 177.500,     -0.0063416
 177.600,     -0.0303618
 177.700,     -0.0473512
 177.800,     -0.0586050
 177.900,     -0.0643777
 178.000,     -0.0641756
 178.100,     -0.0584071
 178.200,     -0.0493957
 178.300,     -0.0405519
 178.400,     -0.0341924
 178.500,     -0.0297373
 178.600,     -0.0239251
 178.700,     -0.0131746
 178.800,      0.0036545
 178.900,      0.0244196
 179.000,      0.0454555
 179.100,      0.0640742
 179.200,      0.0791442
 179.300,      0.0892606
 179.400,      0.0910735
 179.500,      0.0806923
 179.600,      0.0577389
 179.700,      0.0279594
 179.800,      0.0007049
 179.900,     -0.0175975
 180.000,     -0.0283731
 180.100,     -0.0394110
 180.200,     -0.0578789
 180.300,     -0.0838299
 180.400,     -0.1095799
 180.500,     -0.1248531
 180.600,     -0.1228335
 180.700,     -0.1025383
 180.800,     -0.0671173
 180.900,     -0.0211231
 181.000,      0.0305017
 181.100,      0.0817007
 181.200,      0.1247516
 181.300,      0.1513817
 181.400,      0.1554226
 181.500,      0.1356575
 181.600,      0.0972239
 181.700,      0.0503123
 181.800,      0.0060736
 181.900,     -0.0284370
 182.000,     -0.0530038
 182.100,     -0.0723189
 182.200,     -0.0904219
 182.300,     -0.1058005
 182.400,     -0.1112562
 182.500,     -0.0988308
 182.600,     -0.0660344
 182.700,     -0.0188745
 182.800,      0.0300766
 182.900,      0.0670425
 183.000,      0.0828746
 183.100,      0.0767116
 183.200,      0.0556842
 183.300,      0.0303458
 183.400,      0.0081894
 183.500,     -0.0099526
 183.600,     -0.0270064
 183.700,     -0.0423408
 183.800,     -0.0476417
 183.900,     -0.0321293
 184.000,      0.0057810
 184.100,      0.0515284
 184.200,      0.0810659
 184.300,      0.0775672
 184.400,      0.0439242
 184.500,     -0.0004302
 184.600,     -0.0352990
 184.700,     -0.0533129
 184.800,     -0.0598012
 184.900,     -0.0619422
 185.000,     -0.0603149
 185.100,     -0.0512460
 185.200,     -0.0350203
 185.300,     -0.0185755
 185.400,     -0.0086892
 185.500,     -0.0036629
 185.600,      0.0061576
 185.700,      0.0286627
 185.800,      0.0612159
 185.900,      0.0919373
 186.000,      0.1090396
 186.100,      0.1081243
 186.200,      0.0911209
 186.300,      0.0608702
 186.400,      0.0195760
 186.500,     -0.0271497
 186.600,     -0.0675676
 186.700,     -0.0889752
 186.800,     -0.0878421
 186.900,     -0.0745538
 187.000,     -0.0662686
 187.100,     -0.0730661
 187.200,     -0.0896465
 187.300,     -0.0998278
 187.400,     -0.0893097
 187.500,     -0.0554685
 187.600,     -0.0070460
 187.700,      0.0437896
 187.800,      0.0889388
 187.900,      0.1257683
 188.000,      0.1532346
 188.100,      0.1677382
 188.200,      0.1629506
 188.300,      0.1339751
 188.400,      0.0825377
 188.500,      0.0187649
 188.600,     -0.0427192
 188.700,     -0.0902216
 188.800,     -0.1203164
 188.900,     -0.1365238
 189.000,     -0.1425346
 189.100,     -0.1366925
 189.200,     -0.1136887
 189.300,     -0.0721609
 189.400,     -0.0202169
 189.500,      0.0276436
 189.600,      0.0599672
 189.700,      0.0750299
 189.800,      0.0784348
 189.900,      0.0750139
 190.000,      0.0643318
 190.100,      0.0444975
 190.200,      0.0190664
 190.300,     -0.0020252
 190.400,     -0.0097849
 190.500,     -0.0043233
 190.600,      0.0050901
 190.700,      0.0084711
 190.800,      0.0034262
 190.900,     -0.0048463
 191.000,     -0.0108464
 191.100,     -0.0148150
 191.200,     -0.0211448
 191.300,     -0.0316312
 191.400,     -0.0415590
 191.500,     -0.0431443
 191.600,     -0.0327814
 191.700,     -0.0146704
 191.800,      0.0027048
 191.900,      0.0137548
 192.000,      0.0200074
 192.100,      0.0278250
 192.200,      0.0417766
 192.300,      0.0592077
 192.400,      0.0704832
 192.500,      0.0651428
 192.600,      0.0397595
 192.700,      0.0015966
 192.800,     -0.0351837
 192.900,     -0.0583283
 193.000,     -0.0645817
 193.100,     -0.0596061
 193.200,     -0.0516188
 193.300,     -0.0451043
 193.400,     -0.0399474
 193.500,     -0.0349451
 193.600,     -0.0301283
 193.700,     -0.0248811
 193.800,     -0.0152644
 193.900,      0.0040688
 194.000,      0.0335995
 194.100,      0.0652212
 194.200,      0.0868244
 194.300,      0.0919801
 194.400,      0.0848386
 194.500,      0.0745872
 194.600,      0.0651539
 194.700,      0.0514716
 194.800,      0.0265186
 194.900,     -0.0088528
 195.000,     -0.0445684
 195.100,     -0.0701035
 195.200,     -0.0835167
 195.300,     -0.0908571
 195.400,     -0.0973433
 195.500,     -0.1008785
 195.600,     -0.0948817
 195.700,     -0.0759266
 195.800,     -0.0464999
 195.900,     -0.0104103
 196.000,      0.0315556
 196.100,      0.0784178
 196.200,      0.1216676
 196.300,      0.1447573
 196.400,      0.1339842
 196.500,      0.0914237
 196.600,      0.0358514
 196.700,     -0.0109214
 196.800,     -0.0392758
 196.900,     -0.0537270
 197.000,     -0.0613040
 197.100,     -0.0607851
 197.200,     -0.0453389
 197.300,     -0.0149353
 197.400,      0.0169306
 197.500,      0.0315708
 197.600,      0.0208970
 197.700,     -0.0055034
 197.800,     -0.0290277
 197.900,     -0.0372686
 198.000,     -0.0311260
 198.100,     -0.0192034
 198.200,     -0.0079583
 198.300,      0.0019889
 198.400,      0.0122208
 198.500,      0.0225154
 198.600,      0.0314415
 198.700,      0.0388906
 198.800,      0.0452929
 198.900,      0.0478158
 199.000,      0.0395064
 199.100,      0.0148745
 199.200,     -0.0227820
 199.300,     -0.0606705
 199.400,     -0.0846096
 199.500,     -0.0886988
 199.600,     -0.0774071
 199.700,     -0.0588591
 199.800,     -0.0369550
 199.900,     -0.0101228
 200.000,      0.0234443
